Code	Display
105590001	Substance
102002	Hemoglobin Okaloosa
120006	Ornithine racemase
125001	Ferrous (59-Fe) sulfate (substance)
126000	Galactosyl-N-acetylglucosaminylgalactosylglucosylceramide alpha-galactosyltransferase
130002	Hemoglobin Hopkins-II
131003	Dolichyl-phosphate mannosyltransferase
159002	Ferrocyanide salt
164003	Phosphoenolpyruvate-protein phosphotransferase
178002	Uridine diphosphate galactose
186002	HLA-Cw9 antigen
187006	Cyanocobalamin (57-Co) (substance)
200001	Berberine
217008	Blood group antigen IH
231008	3-hydroxyisobutyrate dehydrogenase
238002	Heptachlor
261000	Codeine phosphate
296000	Coumachlor
322006	Octylphenoxy P.H. ethanol
327000	Arsenic-76 (substance)
329002	Antimony-127 (substance)
336001	Fibrinogen Tokyo II
340005	Enzyme variant
363000	Fibrinogen San Juan
370000	Beta>2S< glycoprotein (substance)
371001	Acylcarnitine hydrolase
377002	Sparteine
392001	Gadolinium-151 (substance)
395004	Immunoglobulin pentamer
412004	Ribose-5-phosphate isomerase
424006	Citramalyl-CoA lyase
425007	Hemoglobin Nagoya
432003	Carminic acid
438004	2-hydroxyglutarate dehydrogenase (substance)
462009	Urease (ATP-hydrolysing)
472007	Vegetable textile fiber
476005	Lymphocyte antigen CD1b
498001	Nitrilase
501001	Blood group antibody Sf^a^
505005	Blood group antibody M'
506006	3-oxosteroid delta^1^-dehydrogenase (substance)
515004	Blood group antigen Giaigue
519005	Free protein S
521000	Mercury-197 (substance)
529003	Guanosine
538001	2,3-dihydroxybenzoate 3,4-dioxygenase (substance)
566009	Acrosin
576007	Blood group antibody Duck
578008	Hemoglobin Jianghua
584006	Blood group antibody Wr^b^
585007	Substance P
591009	2-oxoisovalerate dehydrogenase (acylating) (substance)
593007	Blood group antibody Holmes
594001	2-oxoglutarate synthase (substance)
597008	Californium-247 (substance)
604000	Plant sapogenin glycoside
611001	Hippurate hydrolase
620005	Trichlorophenol
648005	Oil of calamus
662003	Aeromonas proteolytica aminopeptidase
668004	Osmium-185 (substance)
683009	Mercuric acetate
686001	Plastoquinol-plastocyanin reductase
693002	Trichothecenes
698006	Erythromycin lactobionate
699003	Coal tar extract
704006	Blood group antigen Rx
732002	N-valeraldehyde
735000	Blood group antigen Jobbins
747006	Oxamniquine
773001	Hemoglobin M-Iwate
785009	Dextranase
804003	Creosotic acid
819002	Lytic antibody
850000	Stizolobate synthase
859004	Peptide-N^4^-(N-acetyl-b-glucosaminyl) asparagine amidase
860009	Immunoglobulin, aggregated
873008	Urethan
876000	Blood group antigen D
877009	Carboxypeptidase A
889006	(acetyl-coenzyme A carboxylase) kinase (substance)
896008	Ice
905001	o-Dihydroxycoumarin O^7^-glucosyltransferase
923009	Complement component C2
925002	Sodium iodipamide
963005	Pyridoxine 4-dehydrogenase
974001	Adenosylmethionine decarboxylase
979006	Carbamate kinase
993004	Palladium compound
1002007	Mannotetraose 2-alpha-N-acetylglucosaminyltransferase
1010008	N-Acetylneuraminate monooxygenase
1018001	Nornicotine
1025008	Molybdenum-93 (substance)
1047008	Guanine deaminase
1050006	Melilotate 3-monooxygenase
1065007	E. coli periplasmic proteinase
1080001	Thallium-202 (substance)
1091008	Coagulation factor inhibitor
1097007	Blood group antigen M^A^
1105007	Isochorismate synthase
1113008	Pancreatic ribonuclease
1137008	Uranium-240 (substance)
1149009	Hemoglobin Barcelona
1160000	Blood group antibody Lutheran
1166006	Titanium
1169004	Hemoglobin Gower-2
1171004	Fibrinogen Kawaguchi
1185009	Hemoglobin Roseau-Pointe Ã  Pitre
1189003	Hemoglobin F-M-Osaka
1190007	Mephenoxalone
1219001	Diethyl xanthogen disulfide
1223009	Blood group antigen Marks
1244009	Fibrinogen Madrid I
1248007	Leucostoma neutral proteinase
1269009	Amikacin sulfate
1272002	Pteridine oxidase
1273007	Blood group antibody Evelyn
1313002	Nitrate reductase (cytochrome)
1319003	Blood group antibody K18
1320009	Hemoglobin Manitoba
1325004	Metocurine iodide
1331001	Methamidophos
1334009	Estradiol receptor
1336006	Deoxycortone
1341003	Hemoglobin Ta-li
1346008	Blue shade eosin
1355006	Antihemophilic factor B Oxford 3 variant
1368003	Iodine-131 (substance)
1371006	Blood group antigen Big
1373009	Zirconium-93 (substance)
1381005	Iodine-126 (substance)
1394007	Iron pentacarbonyl
1396009	Actinium
1405004	Blood group antibody M^e^
1408002	Blood group antibody 1123K
1416006	Radium compound
1450002	Methylparafynol
1466000	Cyclomaltodextrinase
1471007	Elastin
1472000	Adenosine-phosphate deaminase
1476002	Codeine sulfate
1477006	Hemoglobin Yatsushiro
1496005	Proto-oncogene
1506001	Blood group antigen Ch^a^
1517000	HLA-B21 antigen
1530004	6-carboxyhexanoate-CoA ligase
1535009	Nitrogen fluoride
1536005	Pargyline hydrochloride
1540001	Tellurium radioisotope
1545006	Uridine phosphorylase
1557002	Talc
1565004	Blood group antibody Buckalew
1575001	Maltose tetrapalmitate
1603001	Cobalt isotope
1607000	Homoserine kinase
1609002	N-octyl isosafrole sulfoxide
1634002	Blood group antigen Ven
1649005	Blood group antigen Sul
1656004	Hemoglobin Shaare Zedek
1660001	Plant seeds
1668008	Ceforanide
1672007	Ligase
1673002	Xylenol
1675009	Rubidium-86 (substance)
1676005	Blood group antibody LW^ab^
1681001	Blood group antibody BLe^b^
1696002	12-HPETE
1701009	Gold-191 (substance)
1710001	Uric acid
1726000	Diamond
1727009	Deoxylimonate A-ring-lactonase
1740004	Deoxy cytidine triphosphate
1764003	Saccharopine dehydrogenase (NADP^+^,L-glutamate-forming)
1768000	Sucrose phosphorylase
1786002	Leucine-tRNA ligase
1793003	Sodium trichloroacetate
1795005	Glyodin
1798007	Hemoglobin Hammersmith
1799004	L-Lysine oxidase
1823002	Hemoglobin Tochigi
1827001	Ribonuclease T>1<
1886008	Verdohemoglobin
1904005	Galactoside 3-fucosyltransferase
1914001	von Willebrand factor inhibitor
1916004	Boroglycerin
1940007	Immunoglobulin, GM>21< allotype
1944003	Coagulation factor X Patient variant
1956002	Buclizine hydrochloride
1971003	Loxapine hydrochloride
1975007	Blood group antibody Niemetz
1978009	Site-specific methyltransferase (cytosine-specific)
1985008	Vomitus
1991005	Lignins
2000001	Heavy nitrogen
2006007	Inosine diphosphate
2008008	Gallium-67 (substance)
2009000	Cobalt carbonyl
2017008	DNA topoisomerase
2027002	Alternaria serine proteinase
2029004	Fibrinogen Oslo II
2038002	Blood group antibody Bg^b^
2039005	sym-Norspermidine synthase
2050008	Choloylglycine hydrolase
2064008	L-Xylulokinase
2082006	Lymphocyte antigen CD51
2085008	Oncogene protein TCL
2088005	Page blue G-90
2096000	NAD^+^ ADP-ribosyltransferase
2100004	Sulfonethylmethane
2101000	Yeast proteinase B
2125008	Betazole
2130007	Cyclohexane-1,2-diol dehydrogenase
2141009	Hydrogen
2147008	Blood group antigen Paular
2151005	Pyridoxamine-pyruvate aminotransferase
2154002	Tagaturonate reductase
2159007	Azorubin S
2163000	Dicofol
2168009	Bisphosphoglycerate mutase
2179004	Malonate-semialdehyde dehydratase
2189000	Hemoglobin F-Dammam
2194000	Rhodium-101 (substance)
2195004	Tocainide hydrochloride
2201007	Bacteriopurpurin
2208001	Phenylserine aldolase
2212007	Fibrinogen Bethesda II
2215009	Azuresin
2240002	Guanidinobutyrase
2249001	Gentamicin sulfate
2254005	Orotic acid
2260005	HLA-DRw18 antigen
2262002	Cellulose polysulfatase
2264001	Selenium isotope
2309006	Gold
2311002	Prostacyclin synthase
2329007	Blood group antibody Vel
2331003	Carbohydrate
2338009	Plant roots
2343002	Guthion
2346005	Vascormone
2354007	3'-nucleotidase
2358005	Glass fragment
2369008	Indole-3-acetate beta-glucosyltransferase
2370009	UDP-N-acetylmuramate-alanine ligase
2376003	Mercury compound
2384004	Uranium-230 (substance)
2404002	Blood group antibody St^a^
2405001	Oxetanone
2414006	Prolactin receptor
2430003	Silicon radioisotope
2431004	Blood group antibody Friedberg
2441001	Mercury radioisotope
2444009	HLA-Dw25 antigen
2450004	Mannosamine
2462000	Glucose dehydrogenase (NADP^+^)
2466002	Chloride peroxidase
2500009	Lymphocyte antigen CDw41b
2509005	D-glutamic acid oxidase
2522002	Extravascular blood
2529006	Hemoglobin Wood
2537003	Antituberculosis agent
2568004	Blood group antigen McAuley
2573005	Immunoglobulin, GM>13< allotype
2575003	Zinc alpha>2< glycoprotein
2595009	Tellurium-119m (substance)
2597001	Alpha-1 globulin
2611008	Blood group antibody La Fave
2637006	Indium isotope
2648004	Bile vomitus
2649007	Azo dye
2660003	Sodium dehydrocholate
2671002	Dehydropantoate hydroxymethyltransferase
2674005	Cesium-128 (substance)
2676007	C3(H20)
2678008	Hemoglobin New Mexico
2680002	Anti-factor XIII
2698003	Natural gas
2705002	Arsenic-72 (substance)
2706001	Blood group antigen Vennera
2719002	Tartrate dehydratase
2721007	Blood group antigen McC^f^
2728001	Antigen in Lewis (Le) blood group system
2753003	Blood group antibody M>1<
2754009	Hemoglobin F-Kennestone
2765004	Blood group antigen Sc3
2778004	Pleural fluid
2796008	Methantheline (substance)
2799001	Methylbenzethonium chloride
2823004	Hemoglobin Bristol
2832002	Molybdenum compound
2846002	Hemoglobin Saitama
2869004	Ethanoic acid
2878005	Isonipecaine hydrochloride
2880004	Calcium sulfate
2883002	Exopolygalacturonate lyase
2913009	Immunoglobulin E, H chain
2916001	Neon-22 (substance)
2925007	Fluorometholone
2927004	Rescinnamine
2938004	Pyrazole
2942001	Carbon (14-C) xylose (substance)
2950005	Hemoglobin L-Persian Gulf
2958003	Zinc caprylate
2964005	Dimethoxyamphetamine
2974008	Trichophyton schoenleinii collagenase
2988007	HLA-Aw antigen
2991007	Mecamylamine hydrochloride
2995003	Arecoline
3027009	Barium-133 (substance)
3031003	Dihydroxyaluminum sodium carbonate
3040004	Technetium (99m-Tc) disofenin (substance)
3045009	Nitrochlorobenzene
3052006	Ornithine-oxo-acid aminotransferase
3066001	Triiodothyroacetic acid
3070009	Aspartate-ammonia ligase
3087006	Oil of male fern
3107005	Hemoglobin Shuangfeng
3108000	Aspergillus deoxyribonuclease K>1<
3131000	Blood group antigen Middel
3136005	Cefoperazone sodium
3142009	Azacyclonol
3145006	Penicillic acid
3150000	Sialate O-acetylesterase
3151001	Left upper lobe mucus
3155005	3-phosphoglyceroyl-phosphate-polyphosphate phosphotransferase
3161008	3-methyl histidine
3167007	Hard coal
3187008	Blood group antigen Nielsen
3193000	Alpha-1,4-glucan-protein synthase (uridine diphosphate-forming)
3197004	Inosine monophosphate
3209002	Pancuronium sodium
3212004	Manganese sulfate
3225007	Fibrinogen Seattle I
3232003	O-benzyl-parachlorophenol (substance)
3271000	Hemoglobin Southampton
3273002	Tyrosine-ester sulfotransferase
3300001	Euphorbain
3318003	Vaginal secretion
3325005	Lipopolysaccharide
3339005	(R)-20-Hydroxysteroid dehydrogenase
3340007	Alpha-amylase (substance)
3342004	Copper isotope
3346001	Hemoglobin Brest
3378009	Imipramine hydrochloride
3379001	Thimerosal
3392003	Aldehyde dehydrogenase (acceptor)
3405005	2-hydroxy-3-oxoadipate synthase
3411008	bis-(Dimethylthiocarbamyl) disulfide
3437006	Hydroxymethylglutaryl-CoA hydrolase
3440006	Biotin carboxylase
3455002	Discontinued pesticide
3463001	L-amino-acid dehydrogenase (substance)
3465008	DNA topoisomerase (ATP-hydrolysing)
3466009	Dimethylamine
3492002	Galactinol-sucrose galactosyltransferase
3493007	Smegma clitoridis
3495000	Cystyl-aminopeptidase
3501003	Isoxsuprine hydrochloride
3523004	Hemoglobin Q-India
3532002	Laryngeal mucus
3555004	Blood group antigen Morrison
3579002	Cesium-129 (substance)
3581000	Glucose-6-phosphatase
3587001	Malate dehydrogenase (decarboxylating)
3588006	Complement enzyme
3597005	Acebutolol hydrochloride
3601005	Ether
3602003	Warm antibody
3610002	Epoxide hydrolase
3617004	Selenium-79 (substance)
3648007	Glucocorticoid receptor
3655009	Hemoglobin Constant Springs
3672002	Fibrinogen Caracas
3684000	Phenylacetic acid
3689005	Hemoglobin Mizushi
3692009	Sodium sulfite
3693004	Fibrinogen Dusard
3702007	CDPglycerol glycerophosphotransferase
3710008	Prostaglandin synthase
3718001	Cow's milk
3726009	Valine-tRNA ligase
3727000	Hemoglobin F-Port Royal
3730007	Blood group antigen Tr^a^
3737005	Nitrate reductase (NADH)
3742002	Extracellular crystal
3757009	Gossypol
3771001	Neuromelanin
3775005	Choline dehydrogenase
3776006	Xanthine dehydrogenase
3792001	Arachidonic acid
3800009	Acetate kinase
3807007	Blood group antigen c
3811001	Magnesium-protoporphyrin methyltransferase
3812008	Beryllium isotope
3816006	Vanadium isotope
3823007	Prochlorperazine edisylate
3829006	Iron
3834005	CMP-N-acetylneuraminate-(alpha-N-acetyl-neuraminyl-2,3-beta-galactosyl-1,3)-N-acetyl-galactosaminide alpha-2,6-sialyltransferase
3836007	Glutaminase
3844007	Protoaphin-aglucone dehydratase (cyclizing)
3848005	Nitrotoluene
3849002	Carbon black
3854006	Bis-chloro methyl ether (substance)
3874004	Hydrocodone bitartrate
3892007	Thymidine
3896005	p-Hydroxybenzoate ester
3897001	Blood group antigen 'N'
3906002	Rectified birch tar oil (substance)
3920009	Hemoglobin Atago
3930000	Manufactured gas
3932008	Copper-64 (substance)
3941003	Metronidazole hydrochloride
3945007	Tin isotope
3958008	Californium-245 (substance)
3961009	Blood group antigen Ritherford
3976001	Blood group antigen HEMPAS
3982003	Oxaloacetate decarboxylase
3983008	N,-N-dimethyltryptamine
3990003	Alkaline phosphatase isoenzyme, bone fraction
3994007	Hemoglobin Tampa
4014000	Sulfisomidine
4024008	Soft metal
4025009	Captodiamine
4043008	Etidocaine hydrochloride
4047009	cis-1,2-Dihydrobenzene-1,2-diol dehydrogenase
4048004	1,1,2,2-tetrachloro-1,2- difluoroethane (substance)
4067000	Chorismate mutase
4076007	Parathyroid hormone
4077003	Dihydrolipoamide succinyltransferase
4080002	Hemoglobin Grady, Dakar
4091009	Enteropeptidase
4097008	Apo-SAA complex
4104007	Chondroitin sulfate
4105008	Adenylate cyclase
4115002	Blood group antibody Norlander
4137009	sec-Butyl acetate
4153007	Long-chain-enoyl-CoA hydratase
4167003	Lymphocyte antigen CD31
4169000	Blood group antibody Le^bH^
4177001	Hemoglobin Long Island-Marseille
4182008	CDPdiacylglycerol-serine O-phosphatidyl-transferase
4188007	Fibrinogen Sydney II
4200007	Neriifolin
4201006	6-aminohexanoate-dimer hydrolase
4203009	Imipramine pamoate
4207005	Cortisone beta-reductase
4217000	Fluorosilicate salt
4218005	Immunoglobulin, GM>23< allotype
4231000	Gallium isotope
4239003	Glycerol dehydrogenase
4255005	Americium-241 (substance)
4289006	Keyhole-limpet hemocyanin
4290002	Linamarin synthase
4314009	Blood group antibody Allchurch
4334005	Tar oil
4342006	2-aminopyridine (substance)
4353000	Dibutyl phthalate
4355007	Coagulation factor IX San Dimas variant
4362003	4-coumarate-CoA ligase
4370008	Acetone
4393002	Blood group antigen Fedor
4401009	Blood group antibody H>T<
4413004	Benzypyrinium
4422003	Blood group antigen
4423008	Fibrinogen New York II
4425001	Blood group antibody Binge
4435007	Sulfuryl fluoride
4437004	Cesium-127 (substance)
4471008	Californium-244 (substance)
4479005	Hemoglobin Brockton
4480008	Sulfaethidole
4509009	Plant phenanthrene toxin
4534009	Bismuth-208 (substance)
4540002	ADP deaminase
4546008	Aliphatic carboxylic acid, C14:0
4555006	Blood group antibody Rils
4560005	Hemoglobin Mizuho
4561009	Arginine decarboxylase
4564001	Blood group antibody Sisson
4567008	Galactose-1-phosphate thymidylyltransferase
4582003	Blood group antigen N^A^
4591004	Blood group antigen Kam
4610008	Senile cardiac protein
4616002	Triclobisonium chloride
4629002	Hypoglycin B
4635002	Arterial blood
4643007	Calf thymus ribonuclease H
4656000	Alcian blue 8GX
4674009	2,3-dihydroxybenzoate serine ligase (substance)
4681002	Potassium permanganate
4693006	Chromium (51-Cr) albumin (substance)
4700006	Beef insulin
4706000	Chlorine monoxide
4714006	Osmium-183m (substance)
4728000	Scopulariopsis proteinase
4732006	Oncogene protein P55, V-MYC
4746006	Hemoglobin Mito
4761007	Lymphocyte antigen CD30
4762000	Platelet antigen HPA-3b
4777008	Fluroxene
4780009	Secbutabarbital sodium
4786003	Beta-1,4-mannosyl-glycoprotein beta-1,4-N-acetylglucosaminyltransferase (substance)
4789005	Blood group antibody Bultar
4793004	Azobenzene reductase
4814001	Valethamate
4824009	Amine oxidase (flavin-containing)
4825005	Peptidyl-glycinamidase
4831008	Arabinose-5-phosphate isomerase
4832001	Technetium (99m-Tc) mebrofenin (substance)
4833006	Glucan endo-1,3-alpha-glucosidase
4844003	3,3' T>2<
4864008	Adenylic acid
4872005	Glucosulfone
4878009	HLA-Dw3 antigen
4882006	Ichthyoallyeinotoxin
4889002	Xylulokinase
4901003	Pyruvate oxidase (CoA-acetylating)
4925006	Oncogene protein V-ABC
4933007	Lymphocyte antigen CD15
4940008	Tattoo dye
4955004	Neoplastic structural gene
4962008	Tree bark
4963003	Neutral amino acid
4965005	Glutathione reductase (NAD(P)H)
4968007	Acumentin
4986005	Magnesium borate
5003005	Hemoglobin Swan River
5004004	Blood group antibody Panzar
5007006	Papain
5024000	Fresh water
5031001	3-3'dichlorobenzidine
5040002	Cesium
5043000	Erythrosin Y
5045007	Oncogene protein TCL4
5059000	Technetium-97 (substance)
5060005	Cesium-132 (substance)
5061009	Protein-methionine-S-oxide reductase
5064001	Blood group antibody D 1276
5081005	Blood group antigen hr^B^
5086000	Gelsolin
5094007	Blood group antigen Rios
5098005	Fennel oil
5109006	Methylated-DNA-protein-cysteine methyltransferase
5142007	Coagulation factor II Houston variant
5160007	Metallic compound
5163009	Scombrotoxin
5167005	Zinc chloride fumes
5172001	Coagulation factor Xa
5179005	Connective tissue fiber
5200001	trans-Epoxysuccinate hydrolase
5206007	Cyanate compound
5220000	Bacitracin
5226006	Flavone O^7^-beta-glucosyltransferase
5250008	Thymus-independent antigen
5252000	Hafnium radioisotope
5253005	Hemoglobin Woodville
5259009	Blood group antigen Braden
5289002	Scilliroside
5303002	Hemoglobin Hoshida
5305009	Polynucleotide
5307001	Blood group antigen Hamet
5312000	Zinc-65 (substance)
5323001	Uridine diphosphate glucuronic acid
5330007	Actin-binding protein
5339008	L-glycol dehydrogenase
5340005	Blood group antigen Swietlik
5392001	Propylene glycol monomethyl ether
5395004	Pyridoxamine-phosphate oxidase
5404007	Lymphocyte antigen CD45RA
5405008	Cobalt-60 (substance)
5406009	Beta-L-arabinosidase (substance)
5420002	Accessory sinus mucus
5439007	Blood group antibody Do^a^
5442001	Page blue 83
5453007	Iridium isotope
5471000	Hemoglobin G-Coushatta
5474008	Propionate-CoA ligase
5477001	Ferric subsulfate
5483003	Oxalate CoA-transferase
5504009	Blood group antigen Fuerhart
5511008	Inosinate nucleosidase
5513006	Immunoglobulin A, H chain
5515004	Rhodium fumes
5533005	Blood group antibody Kp^a^
5537006	Immunoglobulin D, H chain (substance)
5540006	Calcium
5547009	Plutonium-233 (substance)
5548004	2-dehydro-3-deoxy-D-pentonate aldolase
5568005	Hemoglobin Hijiyama
5573004	Blood group antigen Oca
5589001	Licodione O^2'^-methyltransferase
5590005	Beryllium radioisotope
5628003	Hemoglobin I-High Wycombe
5629006	Cytidylic acid
5637003	HLA-DQw6 antigen
5641004	Valproate semisodium
5647000	Griseofulvin ultramicrosize
5656008	Antimony-116m (substance)
5659001	Hemoglobin J-Tongariki
5670008	Gold isotope
5681006	Ceftizoxime sodium
5691000	Absorbable gelatin sponge
5692007	Cyanocobalamin (58-Co) (substance)
5699003	Somatomedin C
5700002	Blood group antibody Gomez
5702005	Silver-106m (substance)
5704006	Galactokinase
5705007	3-hydroxypropion-aldehyde reductase
5739006	Stramonium
5746002	Antimony-118m (substance)
5757007	HLA-Cw8 antigen
5762008	Heterogeneous nuclear RNA
5764009	Plutonium-242 (substance)
5767002	Sulfamerazine
5774007	White petrolatum
5800007	tRNA (5-methylaminomethyl-2-thiouridylate)-methyltransferase
5813001	Malate dehydrogenase
5826002	Ethyl-4-bis-(hydroxypropyl)-1-aminobenzoate
5827006	Crotonaldehyde
5829009	Hemoglobin Vaasa
5830004	Hemoglobin Bart
5840001	Blood group antibody Wj
5858007	Indium-110m (substance)
5863006	Vitexin beta-glucosyltransferase
5896008	Hellebrin
5899001	Bacterial structural gene
5907009	Quinidine polygalacturonate
5910002	Oncogene protein PP60, V-SRC
5915007	Blood group antigen Gladding
5927005	Lactaldehyde dehydrogenase
5931004	Technetium (99m-Tc) sulfur colloid (substance)
5932006	Cysteine
5950004	3',5'-cyclic-nucleotide phosphodiesterase
5955009	Diethylene glycol
5977008	Blood group antigen Bullock
5989005	Immunoglobulin, GM>17< allotype
5991002	D-fuconate dehydratase
6021003	Yttrium-88 (substance)
6038004	Oxygen radioisotope
6043006	Bone cement
6044000	Carbon disulfide
6054001	Doxylamine succinate
6056004	Blood group antibody Wk^a^
6068008	Blood group antigen Mil
6083003	Hydroxylysine
6085005	Synovial fluid
6088007	Benzfetamine hydrochloride
6089004	Lochia alba
6091007	Blood group antibody L Harris
6107003	Asparagusate reductase (NADH)
6109000	Aromatic-amino-acid aminotransferase
6115000	Blood group antibody Anuszewska
6135004	Blood group antigen Duck
6138002	Blood group antigen Le Provost
6162007	Meclocycline
6170002	Heat labile antibody
6172005	Fatty-acid methyltransferase
6178009	Lymphocyte antigen CD63
6179001	O-methyl-bufotenine
6182006	Chloroacetone
6197009	Blood group antigen Zd
6237004	Bemegride
6249003	Potassium metabisulfite
6256009	Ribose isomerase
6257000	Sodium (22-Na) chloride (substance)
6260007	Protokylol
6261006	Indoklon
6263009	Plant residue
6264003	Diazinon
6287006	Methidathion
6291001	Lysosomal alpha-N-acetylglucosaminidase
6301006	Tantalum-178 (substance)
6310003	Particulate antigen
6314007	Phenol beta-glucosyltransferase
6333002	Squill extract
6338006	Imidazolonepropionase
6356006	Chlorodiallylacetamide
6360009	Kallidin II
6367007	Technetium-95m (substance)
6386004	N-Acetylneuraminate O^4^-acetyltransferase
6394006	Phentermine hydrochloride
6401007	Lichenase
6409009	Morpholine
6411000	Interleukin-12
6422001	HLA-DRw14 antigen
6451002	Chlorobenzilate
6455006	Chloroprene
6469006	1,2-didehydropipecolate reductase
6478000	Phosphohexokinase
6495008	Fibrinogen Montreal II
6507009	Blood group antigen Much
6513000	Flumethiazide
6516008	Indium (111-In) ferric hydroxide (substance)
6524003	Distilled spirits
6529008	Blood group antigen Cl^a^
6532006	Macrophage activating factor
6590001	Galactosylceramidase
6592009	HLA-Dw12 antigen
6602005	Aminoacridine (substance)
6611005	Diethylaminoethanol
6612003	Chloramphenicol sodium succinate
6619007	Bilirubin Y transport protein
6642000	Opsonin
6644004	Homoserine dehydrogenase
6671004	Blood group antigen Caw
6672006	Phosphoadenylate 3'-nucleotidase
6699008	Titanium radioisotope
6701008	Lissamine fast red B
6702001	Ethyl mercaptoethyl diethyl thiophosphate
6709005	Gentamicin 2''-nucleotidyltransferase
6710000	Nitric oxide
6713003	Yttrium-91 (substance)
6717002	Nifuroxime
6725000	Methylene blue
6730001	Uranium-234 (substance)
6741004	Anti DNA antibody
6755007	TL antigen
6786001	Silver difluoride
6790004	Aminopterin
6792007	Veratrine
6808006	Ferrous iron compound
6809003	Phomopsin
6814004	Discadenine synthase
6817006	Oxidized glutathione
6826009	Sterol hormone
6837005	Dextropropoxyphene napsylate
6854002	Platinum-188 (substance)
6865007	Theophylline calcium salicylate
6873003	Cefapirin sodium
6879004	Mead acid
6881002	Magnesium fumes
6884005	(S)-3-Amino-2-methylpropionate aminotransferase
6890009	3-deoxy-manno-octulosonate-8-phosphatase (substance)
6896003	Thiopurine methyltransferase
6910009	Sodium fluoride
6911008	Deoxycytidylate methyltransferase
6916003	Bowieine
6924008	Exopolyphosphatase
6925009	Leucine acetyltransferase
6927001	Tin-121 (substance)
6937006	Thymidylate synthase
6945001	Blood group antigen Le^bH^
6952004	Tin-121m (substance)
6958000	Blood group antibody Frando
6961004	Lysolecithin acylmutase
6970001	4-hydroxyproline epimerase (substance)
6973004	Chromium (51-Cr) chloride (substance)
6983000	Acrylamide
6992002	Triflupromazine hydrochloride
6993007	Seminal fluid
6999006	Ammonium compound
7008002	Beta-carotene 15,15'-dioxygenase
7018007	Malate-CoA ligase
7029006	Blood group antigen Greenlee
7030001	Globoside
7034005	Diclofenac
7045008	Lycorine
7047000	Asphyxiant atmosphere
7049002	Pyruvate carboxylase
7054006	Hemoglobin Poissy
7056008	3-propylmalate synthase
7059001	N-Acylneuraminate-9-phosphatase
7061005	Anthocyanidin O^3^-glucosyltransferase
7070008	Convallamarin
7084003	Fibrinogen Buenos Aires II
7110002	Germanium-69 (substance)
7120007	Antigen
7132006	Gallium-73 (substance)
7139002	Acid-CoA ligase (GDP-forming)
7146006	Cyclohexene oxide
7152007	Chlorthion
7156005	Phosphorus isotope
7158006	HLA-Dw19 antigen
7161007	Complement component C2a
7179006	Prekallikrein
7191002	Methenyltetrahydrofolate cyclohydrolase
7208009	Thiol oxidase
7211005	Blood group antibody Haakestad
7237008	Galactonate dehydratase
7243005	Methyl isocyanate
7269004	Thorium
7271004	Mixed dust
7280004	dTDP4-dehydrorhamnose reductase
7281000	Technetium (99m-Tc) lidofenin (substance)
7284008	Mercaptan compound
7294003	Acetic acid tert-butyl ester
7302008	Ambuphylline
7318002	Bacteriochlorophyll
7321000	Pyrimidine
7325009	Calcium hydroxide
7327001	Sulfurous acid
7328006	Red petrolatum
7330008	Shellac
7337006	Blood group antibody Tr^a^
7348004	Coagulation factor II
7382005	Aminoalcohol ester
7401000	Heme-hemopexin complex
7411007	Blood group antibody HLA-B8
7427000	Sepiapterin reductase
7434003	Erythrosin B
7446004	Ruthenium
7460002	Tellurium-127 (substance)
7470000	p-tert-butyltoluene (substance)
7489000	Homocytotropic antibody
7503004	Gallium-72 (substance)
7509000	Mannitol hexanitrate
7515000	Hepatotoxic mycotoxin
7537007	Stizolobinate synthase
7547005	Hemoglobin Lincoln Park
7549008	Fibrinogen Bethesda I
7588005	Blood group antibody Sk^a^
7608003	Triethylene glycol
7616007	Blood group antibody Pruitt
7648006	HLA-Bw70 antigen
7661006	Fish bone
7670009	Aminobutyraldehyde dehydrogenase
7675004	Blood group antigen Towey
7685003	Blood group antibody Bg^c^
7696006	Ferrovanadium dust
7716001	Isovaleryl-CoA dehydrogenase
7737009	Chlortetracycline hydrochloride
7738004	HLA-B49 antigen
7761002	Silver-111 (substance)
7770004	Strontium-89 (substance)
7774008	Neo-b-vitamin A1 (substance)
7779003	Ruthenium-103 (substance)
7785005	Sphingomyelin phosphodiesterase D
7790008	1-Monoacylglycerol
7791007	Soy protein
7795003	Oxalate oxidase
7801007	Tetrahydroxypteridine cycloisomerase
7816005	Antazoline hydrochloride
7834009	Acetyl digitoxin
7846008	Sphingomyelin phosphodiesterase
7848009	Monophosphatidylinositol phosphodiesterase
7868003	Beta-cyclopiazonate dehydrogenase (substance)
7879008	Radon-218 (substance)
7900007	Hemoglobin Presbyterian
7904003	Deanol
7909008	Arginine carboxypeptidase
7924004	Diflorasone
7938006	D-arabitol dehydrogenase
7945006	Orsellinate-depside hydrolase
7948008	Reed-Sternberg antibody
7953003	Thioneb
7957002	Phosphatidate cytidylyltransferase
7961008	Hemoglobin F-Shanghai
7970006	Allograft
7974002	Blood group antibody Dalman
7975001	Amiphenazole
7979007	3'-phosphoadenylylsulfate 3'-phosphatase (substance)
7983007	Sodium rhodanide
7985000	Sulfur isotope
7997004	Butyl mercaptan
8000007	Cucurbitacin delta^23^-reductase
8002004	Blood group antibody Fleming
8025003	Blood group antibody Gibson
8029009	Allyl glycidyl ether
8030004	Polyethylene glycol
8035009	Cholestenol delta-isomerase
8048008	Blood group antigen Th
8054009	Orotate reductase (NADPH)
8055005	Galactoside acetyltransferase
8105004	Hemoglobin Leiden
8108002	Undecaprenyl-diphosphatase
8123007	Blood group antibody Schuppenhauer
8132009	Magnesium acetylsalicylate
8143001	Diosmin
8153000	Homoproline
8156008	Immunoglobulin, Fd fragment
8164002	Lymphocyte antigen CD67
8168004	Uracil-5-carboxylate decarboxylase
8179009	Cevadilline
8184003	Convallamarogenin
8190004	Diaminopimelate epimerase
8202008	Potassium-43 (substance)
8203003	Human menopausal gonadotropin
8204009	Polyester
8222007	Coagulation factor II Padua variant
8227001	Ruthenium-106 (substance)
8230008	Streptococcal cysteine proteinase
8237006	Strobane
8252004	Chlorothiazide sodium
8257005	Abnormal hemoglobin
8261004	Potassium thiosulfate
8268005	Blood group antibody Hildebrandt
8270001	tRNA adenylyltransferase
8275006	Methionine-S-oxide reductase
8295000	Uromucoid protein
8300003	Cyclohexanol
8310007	Hemoglobin Madrid
8313009	RNA-directed DNA polymerase
8340009	Procollagen-lysine,2-oxoglutarate 5-dioxygenase
8342001	Brilliant cresyl blue
8343006	Blood group antibody Re^a^
8354001	Manganese ethylene bis-dithiocarbamate
8355000	Hafnium isotope
8362009	Blood group antibody c
8365006	Oil of pennyroyal-European
8368008	Xylobiase
8376005	Duffy blood group antibody
8385005	Glucan 1,4-alpha-glucosidase
8397006	Nicotine resin complex
8406008	Nitroethane oxidase
8429000	Brilliant orange
8450009	Oil of lemon grass
8452001	Blood group antigen Sisson
8456003	Methyl ethyl ketone peroxide
8460000	Blood group antibody Vg^a^
8473001	Homocysteine methyltransferase
8474007	Lead oleate
8484008	Blood group antigen Mur
8485009	Oncogene protein P210, BCR-ABL
8486005	HLA-DRw15 antigen
8487001	Vanadium-48 (substance)
8491006	Complement inhibitor
8492004	Allantoicase
8498000	Short neurotoxin venom
8507001	Cyclohexane
8514004	Ornithine
8520003	Hemoglobin Machida
8525008	Osmium-183 (substance)
8529002	Urinary protein of low molecular weight
8534003	Tin-110 (substance)
8537005	Solution
8578007	Potassium cyanate
8591008	Dichlorodifluoromethane
8612007	Tumor necrosis factor
8620009	Oncogene protein TCL6
8631001	Potassium chloride
8653004	Rubijervine
8660005	Complement component C3c
8687009	Gum arabic
8689007	Kanamycin sulfate
8701002	Sulfachlorpyridazine
8705006	4-hydroxybenzoate decarboxylase (substance)
8731008	Blood group antibody Austin
8740007	C3(H20)Bb
8761000	Adenylylsulfate kinase
8767001	Santonin
8785008	Chlorine dioxide
8786009	Blood group antigen Wd^a^
8795001	Hemoglobin F
8817004	LH receptor site
8818009	Blood group antibody Tri W
8822004	Linoleic acid
8830003	Nitrate reductase (NAD(P)H)
8836009	Gallocyanine
8844009	Hydroxybutyrate-dimer hydrolase
8858006	Strontium (85-Sr) nitrate (substance)
8865003	Natural graphite
8878003	Blood group antigen Evelyn
8882001	3-hydroxybenzoate 6-hydroxylase
8886003	Flecainide acetate
8908003	Blood group antibody I^T^
8914005	Endolymph
8919000	Biotin
8926000	Azur B
8945009	Phosphopantothenate-cysteine ligase
8953001	2,3-dihydroxyindole 2,3-dioxygenase (substance)
8963009	N-Acetylmuramoyl-L-alanine amidase
8969008	Bulbourethral secretions
8977007	Blood group antibody Tarplee
8982000	Oleate hydratase
8987006	Cycle-phase specific agent
8991001	Ribulokinase
9010006	Methyl blue
9013008	Dephospho-CoA kinase
9021002	Carbaryl
9024005	Glucose-6-phosphate dehydrogenase
9045003	Radon radioisotope
9052001	Allspice oil
9054000	Blood group antigen HLA-B15
9103003	Retinol fatty-acyltransferase
9110009	Mercuric compound
9125009	Sempervirine
9159008	Triacetate-lactonase
9172009	Blood group antibody Alda
9174005	Fibrinogen Poitiers
9183000	Beta-N-acetylgalactosaminidase
9189001	CMP-N-acetylneuraminate-lactosylceramide alpha-2,3-sialyltransferase
9195000	Immunoglobulin gene INV allotype
9197008	Apiose reductase
9205004	Hemoglobin Tarrant
9220005	Plant phenol oil
9223007	Borneol dehydrogenase
9234005	Chlorobutanol
9246009	Tellurium-118 (substance)
9253000	HLA-DRw16 antigen
9270008	Catecholamine receptor
9271007	Fibrinogen Pontoise
9301005	Lens neutral proteinase
9302003	Gentisate decarboxylase
9315007	Spearmint oil
9319001	Blood group antibody Vennera
9334007	Isopropyl glycidyl ether
9349004	Nitrobenzene
9351000	Palladium-103 (substance)
9355009	Hemoglobin F-Alexandra
9392009	Blood group antibody Pollio
418038007	Propensity to adverse reactions to substance
25744000	Hereditary gastrogenic lactose intolerance
54250004	Lactose intolerance in children without lactase deficiency
59037007	Drug intolerance
61712006	Transient gluten sensitivity
72354005	Oral contraceptive intolerance
91931000	Allergy to erythromycin
91932007	Allergy to fruit
91934008	Nut allergy
91935009	Allergy to peanuts
91936005	Allergy to penicillin
91937001	Allergy to seafood
91938006	Allergy to strawberries
91939003	Allergy to sulfonamides
91940001	Allergy to walnut
190751001	Primary lactose intolerance
213020009	Egg protein allergy
232346004	Cat allergy
232347008	Animal dander allergy
232348003	Feather allergy
232349006	House dust allergy
232350006	House dust mite allergy
235719002	Food intolerance
293584003	Acetaminophen allergy
293585002	Salicylate allergy
293586001	Aspirin allergy
293588000	Pentazocine allergy
293589008	Phenazocine allergy
293590004	Methadone analog allergy
293591000	Dextromoramide allergy
293592007	Dextropropoxyphene allergy
293593002	Dipipanone allergy
293594008	Methadone allergy
293595009	Morphinan opioid allergy
293596005	Buprenorphine allergy
293597001	Codeine allergy
293598006	Diamorphine allergy
293599003	Dihydrocodeine allergy
293600000	Nalbuphine allergy
293601001	Morphine allergy
293602008	Opium alkaloid allergy
293603003	Pethidine analog allergy
293604009	Alfentanil allergy
293605005	Fentanyl allergy
293606006	Pethidine allergy
293607002	Phenoperidine allergy
293608007	Meptazinol allergy
293609004	Levorphanol allergy
293610009	Non-steroidal anti-inflammatory drug allergy
293611008	Acemetacin allergy
293612001	Azapropazone allergy
293613006	Diclofenac allergy
293614000	Etodolac allergy
293615004	Felbinac allergy
293616003	Fenbufen allergy
293617007	Fenoprofen allergy
293618002	Flurbiprofen allergy
293619005	Ibuprofen allergy
293620004	Indomethacin allergy
293621000	Ketoprofen allergy
293622007	Ketorolac allergy
293623002	Mefenamic acid allergy
293624008	Nabumetone allergy
293625009	Naproxen allergy
293626005	Nefopam allergy
293627001	Oxyphenbutazone allergy
293628006	Phenylbutazone allergy
293629003	Piroxicam allergy
293630008	Sulindac allergy
293631007	Tenoxicam allergy
293632000	Tiaprofenic acid allergy
293633005	Tolmetin allergy
293635003	Tuberculin allergy
293636002	Radiopharmaceutical allergy
293637006	Contrast media allergy
293645001	Bismuth chelate allergy
293646000	Sucralfate allergy
293647009	Liquorice allergy
293648004	Misoprostol allergy
293649007	H2 receptor antagonist allergy
293650007	Cimetidine allergy
293651006	Famotidine allergy
293652004	Nizatidine allergy
293653009	Ranitidine allergy
293654003	Proton pump inhibitor allergy
293655002	Omeprazole allergy
293656001	Lansoprazole allergy
293657005	Carbenoxolone allergy
293658000	Pirenzepine allergy
293659008	Pancreatin allergy
293660003	5-aminosalicylic acid allergy
293662006	Olsalazine allergy
293663001	Sulfasalazine allergy
293665008	Magnesium trisilicate allergy
293666009	Aluminum hydroxide allergy
293668005	Loperamide allergy
293669002	Kaolin allergy
293671002	Cisapride allergy
293673004	Nabilone allergy
293674005	Domperidone allergy
293675006	Metoclopramide allergy
293676007	5-HT3-receptor antagonist allergy
293678008	Bisacodyl allergy
293679000	Danthron allergy
293680002	Sodium picosulfate allergy
293681003	Lactulose allergy
293682005	Magnesium sulfate allergy
293685007	Cascara allergy
293686008	Senna allergy
293687004	Docusate allergy
293690005	Peppermint oil allergy
293691009	Alverine allergy
293692002	Mebeverine allergy
293693007	Dicyclomine allergy
293694001	Mepenzolate allergy
293695000	Pipenzolate allergy
293696004	Poldine allergy
293697008	Propantheline allergy
293699006	Chenodeoxycholic acid allergy
293700007	Dehydrocholic acid allergy
293701006	Ursodeoxycholic acid allergy
293706001	Etomidate allergy
293707005	Ketamine allergy
293708000	Propofol allergy
293709008	Thiopentone allergy
293710003	Methohexitone allergy
293712006	Enflurane allergy
293714007	Halothane allergy
293715008	Isoflurane allergy
293716009	Trichloroethylene allergy
293717000	Desflurane allergy
293718005	Local anesthetic drug allergy
293719002	Bupivacaine allergy
293720008	Cinchocaine allergy
293721007	Prilocaine allergy
293722000	Lignocaine allergy
293723005	Cocaine allergy
293724004	Benzocaine allergy
293725003	Amethocaine allergy
293726002	Oxybuprocaine allergy
293727006	Procaine allergy
293728001	Proxymetacaine allergy
293732007	Amifostine allergy
293733002	Aldesleukin allergy
293735009	Molgramostim allergy
293736005	Lenograstim allergy
293737001	Filgrastim allergy
293738006	Levamisole allergy
293740001	Alkylating drug allergy
293741002	Mitobronitol allergy
293742009	Busulfan allergy
293743004	Treosulfan allergy
293745006	Thiotepa allergy
293746007	Nitrogen mustard derivative allergy
293747003	Chlorambucil allergy
293748008	Cyclophosphamide allergy
293749000	Ethoglucid allergy
293750000	Ifosfamide allergy
293751001	Melphalan allergy
293752008	Estramustine allergy
293753003	Mustine allergy
293754009	Nitrosurea allergy
293755005	Carmustine allergy
293756006	Lomustine allergy
293758007	Dacarbazine allergy
293760009	Dactinomycin allergy
293761008	Bleomycin allergy
293762001	Mitomycin allergy
293763006	Plicamycin allergy
293764000	Aclarubicin allergy
293765004	Mitozantrone allergy
293766003	Doxorubicin allergy
293767007	Epirubicin allergy
293768002	Idarubicin allergy
293770006	Mercuric oxide allergy
293771005	Methotrexate allergy
293772003	Mercaptopurine allergy
293773008	Thioguanine allergy
293774002	Pentostatin allergy
293775001	Cytarabine allergy
293776000	Fluorouracil allergy
293777009	Etoposide allergy
293778004	Amsacrine allergy
293779007	Carboplatin allergy
293780005	Cisplatin allergy
293781009	Hydroxyurea allergy
293782002	Procarbazine allergy
293783007	Razoxane allergy
293784001	Crisantaspase allergy
293785000	Paclitaxel allergy
293786004	Fludarabine allergy
293787008	Aminoglutethimide allergy
293788003	Estrogen antagonist allergy
293789006	Trilostane allergy
293790002	Tamoxifen allergy
293791003	Formestane allergy
293792005	Vinca alkaloid allergy
293793000	Vinblastine allergy
293794006	Vincristine allergy
293795007	Vindesine allergy
293796008	Dimethyl sulfoxide allergy
293798009	Cyclosporin allergy
293799001	Azathioprine allergy
293802005	Mazindol allergy
293803000	Phentermine allergy
293804006	Dexfenfluramine allergy
293805007	Diethylpropion allergy
293806008	Fenfluramine allergy
293808009	Levodopa allergy
293811005	Amantadine allergy
293812003	Apomorphine allergy
293813008	Lysuride allergy
293814002	Pergolide allergy
293815001	Bromocriptine allergy
293818004	Lithium carbonate allergy
293819007	Lithium citrate allergy
293822009	Butriptyline allergy
293823004	Doxepin allergy
293824005	Iprindole allergy
293825006	Lofepramine allergy
293826007	Nortriptyline allergy
293827003	Trimipramine allergy
293828008	Amoxapine allergy
293829000	Amitriptyline allergy
293830005	Clomipramine allergy
293831009	Desipramine allergy
293832002	Dothiepin allergy
293833007	Imipramine allergy
293834001	Protriptyline allergy
293835000	Monoamine oxidase inhibitor allergy
293836004	Phenelzine allergy
293837008	Iproniazid allergy
293838003	Isocarboxazid allergy
293839006	Tranylcypromine allergy
293840008	Moclobemide allergy
293842000	Tryptophan allergy
293843005	Venlafaxine allergy
293844004	Selective serotonin re-uptake inhibitor allergy
293845003	Sertraline allergy
293847006	Paroxetine allergy
293848001	Nefazodone allergy
293849009	Citalopram allergy
293850009	Fluoxetine allergy
293851008	Fluvoxamine allergy
293853006	Maprotiline allergy
293854000	Mianserin allergy
293855004	Trazodone allergy
293856003	Viloxazine allergy
293858002	Beclamide allergy
293859005	Lamotrigine allergy
293860000	Piracetam allergy
293861001	Gabapentin allergy
293864009	Methylphenobarbitone allergy
293865005	Phenobarbitone allergy
293866006	Primidone allergy
293867002	Carbamazepine allergy
293868007	Vigabatrin allergy
293869004	Phenytoin allergy
293870003	Ethosuximide allergy
293871004	Clonazepam allergy
293874007	Zopiclone allergy
293875008	Zolpidem allergy
293876009	Chlormezanone allergy
293877000	Methyprylone allergy
293878005	Paraldehyde allergy
293880004	Amylobarbitone allergy
293881000	Butobarbitone allergy
293882007	Cyclobarbitone allergy
293884008	Quinalbarbitone allergy
293886005	Flunitrazepam allergy
293887001	Flurazepam allergy
293888006	Loprazolam allergy
293889003	Lormetazepam allergy
293890007	Nitrazepam allergy
293891006	Triazolam allergy
293892004	Alprazolam allergy
293893009	Bromazepam allergy
293894003	Chlordiazepoxide allergy
293895002	Clobazam allergy
293897005	Ketazolam allergy
293898000	Medazepam allergy
293899008	Oxazepam allergy
293900003	Prazepam allergy
293901004	Midazolam allergy
293902006	Diazepam allergy
293903001	Lorazepam allergy
293904007	Temazepam allergy
293906009	Meprobamate allergy
293908005	Chloral hydrate allergy
293909002	Dichloralphenazone allergy
293911006	Buspirone allergy
293912004	Chlormethiazole allergy
293914003	Sulpiride allergy
293915002	Loxapine allergy
293916001	Clozapine allergy
293917005	Risperidone allergy
293918000	Tetrabenazine allergy
293919008	Butyrophenone allergy
293920002	Benperidol allergy
293921003	Trifluperidol allergy
293923000	Droperidol allergy
293924006	Haloperidol allergy
293925007	Diphenylbutylpiperidine allergy
293926008	Pimozide allergy
293927004	Fluspirilene allergy
293928009	Phenothiazine allergy
293929001	Methotrimeprazine allergy
293930006	Pericyazine allergy
293933008	Thiethylperazine allergy
293934002	Fluphenazine allergy
293935001	Chlorpromazine allergy
293936000	Pipothiazine allergy
293937009	Promazine allergy
293938004	Thioridazine allergy
293939007	Perphenazine allergy
293940009	Prochlorperazine allergy
293941008	Trifluoperazine allergy
293942001	Thioxanthene allergy
293943006	Chlorprothixene allergy
293946003	Zuclopenthixol allergy
293948002	Flupenthixol allergy
293949005	Oxypertine allergy
293950005	Remoxipride allergy
293952002	Selegiline allergy
293954001	Pemoline allergy
293955000	Methylphenidate allergy
293956004	Prolintane allergy
293957008	Amphetamine group allergy
293958003	Dexamphetamine allergy
293960001	Disulfiram allergy
293962009	Beta-adrenoceptor blocking drug allergy
293963004	Cardioselective beta-blocker allergy
293964005	Acebutolol allergy
293965006	Atenolol allergy
293966007	Betaxolol allergy
293967003	Bisoprolol allergy
293968008	Celiprolol allergy
293969000	Esmolol allergy
293970004	Metoprolol allergy
293972007	Nadolol allergy
293973002	Pindolol allergy
293974008	Carvedilol allergy
293975009	Metipranolol allergy
293976005	Carteolol allergy
293977001	Labetalol allergy
293978006	Levobunolol allergy
293979003	Oxprenolol allergy
293980000	Penbutolol allergy
293981001	Practolol allergy
293982008	Propranolol allergy
293983003	Sotalol allergy
293984009	Timolol allergy
293985005	Alpha-adrenoceptor blocking drug allergy
293986006	Alfuzosin allergy
293987002	Doxazosin allergy
293988007	Indoramin allergy
293989004	Phenoxybenzamine allergy
293990008	Phentolamine allergy
293991007	Prazosin allergy
293992000	Terazosin allergy
293993005	Nicotine allergy
293994004	Calcium-channel blocker allergy
293995003	Lidoflazine allergy
293996002	Nifedipine allergy
293997006	Prenylamine allergy
293998001	Isradipine allergy
293999009	Felodipine allergy
294000006	Lacidipine allergy
294001005	Nimodipine allergy
294002003	Amlodipine allergy
294003008	Diltiazem allergy
294004002	Nicardipine allergy
294005001	Verapamil allergy
294007009	Pilocarpine allergy
294009007	Methacholine allergy
294011003	Physostigmine allergy
294012005	Demecarium allergy
294013000	Distigmine allergy
294014006	Ecothiopate allergy
294015007	Edrophonium allergy
294016008	Pyridostigmine allergy
294017004	Neostigmine allergy
294018009	Bethanechol allergy
294019001	Carbachol allergy
294023009	Pseudoephedrine allergy
294024003	Alpha-adrenoceptor agonist allergy
294026001	Metaraminol allergy
294027005	Methoxamine allergy
294028000	Naphazoline allergy
294029008	Norepinephrine allergy
294030003	Phenylephrine allergy
294031004	Xylometazoline allergy
294033001	Selective beta-2 adrenoceptor stimulants allergy
294035008	Pirbuterol allergy
294036009	Salmeterol allergy
294037000	Salbutamol allergy
294038005	Bambuterol allergy
294039002	Fenoterol allergy
294040000	Orciprenaline allergy
294041001	Reproterol allergy
294042008	Rimiterol allergy
294043003	Ritodrine allergy
294044009	Terbutaline allergy
294045005	Tulobuterol allergy
294047002	Dobutamine allergy
294048007	Dopexamine allergy
294050004	Isoprenaline allergy
294055009	Methyldopa allergy
294057001	Apraclonidine allergy
294058006	Clonidine allergy
294059003	Lofexidine allergy
294060008	Dipivefrine allergy
294061007	Dopamine allergy
294062000	Ephedrine allergy
294063005	Oxymetazoline allergy
294064004	Xamoterol allergy
294067006	Belladonna alkaloids allergy
294069009	Biperiden allergy
294073007	Tropicamide allergy
294074001	Hyoscine allergy
294076004	Atropine allergy
294077008	Benzhexol allergy
294078003	Benztropine allergy
294079006	Cyclopentolate allergy
294080009	Glycopyrronium allergy
294081008	Homatropine allergy
294082001	Ipratropium allergy
294083006	Methixene allergy
294084000	Orphenadrine allergy
294087007	Oxitropium allergy
294088002	Oxybutynin allergy
294089005	Procyclidine allergy
294091002	Dornase alfa allergy
294093004	Tyloxapol allergy
294095006	Carbocisteine allergy
294096007	Methylcysteine allergy
294097003	Acetylcysteine allergy
294099000	Nikethamide allergy
294100008	Ethamivan allergy
294101007	Doxapram allergy
294103005	Beractant allergy
294105003	Pumactant allergy
294106002	Colfosceril allergy
294109009	H1 antihistamine allergy
294111000	Astemizole allergy
294112007	Terfenadine allergy
294113002	Acrivastine allergy
294114008	Loratadine allergy
294115009	Azelastine allergy
294116005	Cetirizine allergy
294118006	Clemastine allergy
294119003	Mebhydrolin allergy
294120009	Mequitazine allergy
294121008	Oxatomide allergy
294122001	Cyclizine allergy
294123006	Dimenhydrinate allergy
294125004	Antazoline allergy
294126003	Promethazine allergy
294127007	Azatadine allergy
294128002	Brompheniramine allergy
294129005	Chlorpheniramine allergy
294130000	Cinnarizine allergy
294131001	Cyproheptadine allergy
294132008	Dimethindene allergy
294133003	Diphenhydramine allergy
294134009	Diphenylpyraline allergy
294135005	Hydroxyzine allergy
294136006	Mepyramine allergy
294137002	Phenindamine allergy
294138007	Pheniramine allergy
294139004	Triprolidine allergy
294140002	Trimeprazine allergy
294142005	Nedocromil allergy
294144006	Ketotifen allergy
294145007	Lodoxamide allergy
294148009	Isoaminile allergy
294152009	Noscapine allergy
294153004	Pholcodine allergy
294157003	Xanthine allergy
294158008	Aminophylline allergy
294160005	Theophylline allergy
294168003	Calamine allergy
294169006	Coal tar allergy
294172004	Bufexamac allergy
294173009	Dithranol allergy
294177005	Ichthammol allergy
294178000	Calcipotriol allergy
294180006	Azelaic acid allergy
294182003	Podophyllum resin allergy
294183008	Podophyllotoxin allergy
294189007	Surgical tissue adhesive allergy
294190003	Enbucrilate allergy
294191004	Collodion allergy
294200004	Crotamiton allergy
294203002	Benzoyl peroxide allergy
294204008	Silver nitrate allergy
294206005	Gamolenic acid allergy
294207001	Retinoid allergy
294208006	Etretinate allergy
294209003	Acitretin allergy
294210008	Tretinoin allergy
294211007	Isotretinoin allergy
294214004	Colchicum alkaloid allergy
294215003	Colchicine allergy
294217006	Probenecid allergy
294218001	Sulfinpyrazone allergy
294219009	Xanthine oxidase inhibitor allergy
294220003	Allopurinol allergy
294224007	Suxamethonium allergy
294225008	Non-depolarizing muscle relaxant allergy
294226009	Mivacurium allergy
294227000	Alcuronium allergy
294228005	Atracurium allergy
294229002	Gallamine allergy
294230007	Pancuronium allergy
294231006	Tubocurarine allergy
294232004	Vecuronium allergy
294233009	Rocuronium allergy
294234003	Baclofen allergy
294235002	Carisoprodol allergy
294236001	Methocarbamol allergy
294237005	Dantrolene allergy
294238000	Gold allergy
294239008	Sodium aurothiomalate allergy
294240005	Auranofin allergy
294242002	Papaverine allergy
294243007	Flavoxate allergy
294245000	Mifepristone allergy
294246004	Non-ionic surfactant allergy
294247008	Nonoxinol allergy
294248003	Octoxinol allergy
294249006	Prostaglandin allergy
294250006	A series prostaglandin allergy
294252003	E series prostaglandin allergy
294253008	Dinoprostone allergy
294254002	Gemeprost allergy
294255001	Alprostadil allergy
294256000	F series prostaglandin allergy
294257009	Dinoprost allergy
294258004	Carboprost allergy
294259007	I series prostaglandin allergy
294260002	Epoprostenol allergy
294261003	Terpenes allergy
294264006	Ipecacuanha allergy
294265007	Charcoal-activated allergy
294266008	Sodium nitrite allergy
294268009	Digoxin-specific-antibody allergy
294269001	Mesna allergy
294270000	Benzodiazepine antagonist allergy
294271001	Flumazenil allergy
294273003	Pralidoxime allergy
294275005	Opioid antagonist allergy
294276006	Naltrexone allergy
294277002	Naloxone allergy
294278007	Protamine allergy
294280001	Allergy to Fullers earth
294281002	Allergy to bentonite
294283004	Dimercaprol allergy
294284005	Desferrioxamine allergy
294285006	Edetate allergy
294290009	Trientine allergy
294291008	Penicillamine allergy
294298002	Glycine allergy
294299005	Dialysis fluid allergy
294306008	Dimethyl-ether propane allergy
294316000	Olive oil allergy
294317009	Arachis oil allergy
294318004	Castor oil allergy
294320001	Glycerol allergy
294324005	Paraffin allergy
294327003	Liquid paraffin allergy
294328008	Silicone allergy
294329000	Dimethicone allergy
294330005	Wool alcohol allergy
294332002	Polyvinyl alcohol allergy
294333007	Carbomer-940 allergy
294335000	Hypromellose allergy
294337008	Hydroxyethylcellulose allergy
294339006	Carmellose allergy
294341007	Flucytosine allergy
294342000	Terbinafine allergy
294343005	Nitrophenol allergy
294344004	Tolnaftate allergy
294346002	Amorolfine allergy
294348001	Griseofulvin allergy
294349009	Amphotericin allergy
294350009	Natamycin allergy
294351008	Nystatin allergy
294354000	Allergy to undecenoate
294356003	Clotrimazole allergy
294357007	Fenticonazole allergy
294358002	Tioconazole allergy
294359005	Econazole allergy
294360000	Isoconazole allergy
294361001	Sulconazole allergy
294362008	Ketoconazole allergy
294363003	Miconazole allergy
294365005	Fluconazole allergy
294366006	Itraconazole allergy
294368007	Inosine pranobex allergy
294369004	Zidovudine allergy
294370003	Ganciclovir allergy
294371004	Famciclovir allergy
294372006	Didanosine allergy
294373001	Zalcitabine allergy
294374007	Valaciclovir allergy
294375008	Interferons allergy
294376009	Human interferon gamma-1b allergy
294377000	Interferon-A-2a allergy
294378005	Interferon-A-2b allergy
294379002	Interferon-A-N1 allergy
294380004	Tribavirin allergy
294381000	Trifluorothymidine allergy
294382007	Foscarnet allergy
294383002	Vidarabine allergy
294384008	Aciclovir allergy
294385009	Idoxuridine allergy
294388006	Pyrimethamine allergy
294390007	Amodiaquine allergy
294391006	Primaquine allergy
294392004	Mefloquine allergy
294393009	Hydroxychloroquine allergy
294394003	Chloroquine allergy
294396001	Proguanil allergy
294398000	Quinine allergy
294399008	Halofantrine allergy
294400001	Mepacrine allergy
294404005	Acetic acid allergy
294405006	Hydrargaphen allergy
294406007	Polynoxylin allergy
294407003	Hexetidine allergy
294408008	Sodium perborate allergy
294413007	Thymol allergy
294415000	Chloroxylenol allergy
294416004	Hexachlorophane allergy
294417008	Triclosan allergy
294418003	Phenol allergy
294421001	Industrial methylated spirit allergy
294423003	Glutaraldehyde allergy
294425005	Noxythiolin allergy
294426006	Formaldehyde allergy
294431008	Chlorhexidine allergy
294433006	Borate allergy
294434000	Boric acid allergy
294436003	Quaternary ammonium surfactant allergy
294437007	Cetrimide allergy
294438002	Benzalkonium allergy
294439005	Domiphen allergy
294440007	Quaternary pyridinium surfactant allergy
294441006	Cetylpyridinium allergy
294442004	Quaternary quinolinium surfactant allergy
294443009	Dequalinium allergy
294447005	Crystal violet allergy
294448000	Brilliant green allergy
294449008	Hydrogen peroxide allergy
294451007	Piperazine allergy
294452000	Pyrantel allergy
294453005	Niclosamide allergy
294455003	Bephenium allergy
294456002	Diethylcarbamazine allergy
294458001	Mebendazole allergy
294459009	Albendazole allergy
294460004	Thiabendazole allergy
294462007	Aminoglycoside allergy
294463002	Amikacin allergy
294464008	Kanamycin allergy
294465009	Netilmicin allergy
294466005	Streptomycin allergy
294467001	Framycetin allergy
294468006	Neomycin allergy
294469003	Gentamicin allergy
294470002	Tobramycin allergy
294471003	Clarithromycin allergy
294472005	Azithromycin allergy
294474006	Spectinomycin allergy
294475007	Vancomycin allergy
294476008	Teicoplanin allergy
294477004	Trimethoprim allergy
294478009	Nitrofurantoin allergy
294480003	Mupirocin allergy
294481004	Nitrofurazone allergy
294482006	Fusidic acid allergy
294484007	Acrosoxacin allergy
294485008	Cinoxacin allergy
294486009	Nalidixic acid allergy
294487000	Ciprofloxacin allergy
294488005	Enoxacin allergy
294489002	Ofloxacin allergy
294490006	Norfloxacin allergy
294491005	Temafloxacin allergy
294494002	Benethamine penicillin allergy
294496000	Phenethicillin allergy
294497009	Phenoxymethylpenicillin allergy
294499007	Benzylpenicillin allergy
294501004	Cloxacillin allergy
294502006	Flucloxacillin allergy
294503001	Methicillin allergy
294505008	Amoxycillin allergy
294506009	Ampicillin allergy
294507000	Ciclacillin allergy
294508005	Mezlocillin allergy
294509002	Pivampicillin allergy
294510007	Carbenicillin allergy
294511006	Bacampicillin allergy
294512004	Talampicillin allergy
294514003	Temocillin allergy
294515002	Piperacillin allergy
294516001	Azlocillin allergy
294517005	Ticarcillin allergy
294518000	Carfecillin allergy
294519008	Mecillinam allergy
294520002	Pivmecillinam allergy
294528009	Polymyxins allergy
294529001	Colistin allergy
294530006	Polymyxin B allergy
294531005	Carbapenem allergy
294532003	Cephalosporin allergy
294534002	Cefadroxil allergy
294535001	Cephalexin allergy
294536000	Cephalothin allergy
294537009	Cephazolin allergy
294538004	Cephradine allergy
294539007	Latamoxef allergy
294541008	Cefaclor allergy
294542001	Cefuroxime allergy
294543006	Cephamandole allergy
294545004	Cefotaxime allergy
294546003	Ceftazidime allergy
294547007	Ceftizoxime allergy
294548002	Cefixime allergy
294549005	Cefodizime allergy
294550005	Cefpodoxime allergy
294551009	Ceftriaxone allergy
294552002	Ceftibuten allergy
294554001	Cefsulodin allergy
294556004	Cefpirome allergy
294557008	Cephamycin allergy
294558003	Cefoxitin allergy
294559006	Fosfomycin allergy
294561002	Clindamycin allergy
294562009	Lincomycin allergy
294563004	Mandelic acid allergy
294564005	Monobactam allergy
294565006	Aztreonam allergy
294566007	Nitroimidazole allergy
294567003	Metronidazole allergy
294568008	Tinidazole allergy
294569000	Nimorazole allergy
294570004	Calcium sulfaloxate allergy
294571000	Phthalylsulfathiazole allergy
294572007	Sulfametopyrazine allergy
294573002	Sulfadiazine allergy
294574008	Sulfadimethoxine allergy
294575009	Sulfadimidine allergy
294576005	Sulfafurazole allergy
294577001	Sulfaguanidine allergy
294578006	Sulfaurea allergy
294579003	Mafenide allergy
294582008	Sulfacetamide allergy
294584009	Clomocycline sodium allergy
294585005	Doxycycline allergy
294586006	Lymecycline allergy
294587002	Minocycline allergy
294588007	Oxytetracycline allergy
294590008	Chlortetracycline allergy
294591007	Demeclocycline allergy
294592000	Tetracycline allergy
294593005	Chloramphenicol allergy
294596002	Atovaquone allergy
294598001	Sodium stibogluconate allergy
294600007	Pentamidine allergy
294602004	Diloxanide allergy
294604003	Clioquinol allergy
294607005	Pyrazinamide allergy
294609008	Capreomycin allergy
294610003	Cycloserine allergy
294611004	Rifampicin allergy
294612006	Rifabutin allergy
294614007	Isoniazid allergy
294615008	Ethambutolol allergy
294617000	Dapsone allergy
294618005	Clofazimine allergy
294620008	Benzyl benzoate allergy
294621007	Monosulfiram allergy
294623005	Carbaryl allergy
294625003	Lindane allergy
294627006	Malathion allergy
294629009	Phenothrin allergy
294630004	Permethrin allergy
294633002	Human immunoglobulin allergy
294636005	Anti-D (Rh) immunoglobulin allergy
294638006	Tetanus immunoglobulin allergy
294639003	Varicella-zoster immunoglobulin allergy
294667007	Clostridium botulinum toxin allergy
294668002	Botulism antitoxin allergy
294669005	Diphtheria antitoxin allergy
294671005	Glucagon allergy
294674002	Carbimazole allergy
294676000	Propylthiouracil allergy
294677009	Corticosteroids allergy
294678004	Betamethasone allergy
294679007	Hydrocortisone allergy
294682002	Prednisone allergy
294683007	Fluorometholone allergy
294684001	Flunisolide allergy
294685000	Desonide allergy
294686004	Desoxymethasone allergy
294687008	Fluocinonide allergy
294688003	Fluocortolone allergy
294689006	Flurandrenolone allergy
294690002	Halcinonide allergy
294691003	Alclometasone allergy
294692005	Beclomethasone allergy
294693000	Clobetasol allergy
294694006	Clobetasone allergy
294695007	Cortisone allergy
294696008	Diflucortolone allergy
294697004	Fluclorolone allergy
294698009	Fludrocortisone allergy
294699001	Fluocinolone allergy
294700000	Fluticasone allergy
294701001	Mometasone allergy
294702008	Dexamethasone allergy
294706006	Methylprednisolone allergy
294707002	Prednisolone allergy
294711008	Triamcinolone allergy
294712001	Budesonide allergy
294714000	Insulin allergy
294717007	Insulin zinc suspension allergy
294720004	Isophane insulin allergy
294721000	Protamine zinc insulin allergy
294723002	Allergy to human insulin
294728006	Sulfonylurea allergy
294729003	Acetohexamide allergy
294730008	Chlorpropamide allergy
294731007	Glibenclamide allergy
294732000	Glibornuride allergy
294733005	Gliclazide allergy
294734004	Glipizide allergy
294735003	Gliquidone allergy
294736002	Glymidine allergy
294737006	Tolazamide allergy
294738001	Tolbutamide allergy
294739009	Biguanide allergy
294740006	Metformin allergy
294741005	Guar gum allergy
294742003	Acarbose allergy
294745001	Progestogen allergy
294746000	Allylestrenol allergy
294747009	Dydrogesterone allergy
294748004	Progesterone allergy
294749007	Gestronol allergy
294750007	Hydroxyprogesterone allergy
294751006	Megestrol allergy
294752004	Norethisterone allergy
294754003	Levonorgestrel allergy
294755002	Medroxyprogesterone allergy
294757005	Anabolic steroids allergy
294758000	Tibolone allergy
294760003	Oxymetholone allergy
294761004	Nandrolone allergy
294762006	Stanozolol allergy
294763001	Cyclofenil allergy
294764007	Danazol allergy
294765008	Gestrinone allergy
294767000	Finasteride allergy
294768005	Flutamide allergy
294769002	Bicalutamide allergy
294771002	Cyproterone allergy
294773004	Androgen allergy
294774005	Mesterolone allergy
294775006	Methyltestosterone allergy
294776007	Testosterone allergy
294781003	Estrogen allergy
294782005	Estradiol allergy
294787004	Quinestradol allergy
294788009	Quinestrol allergy
294789001	Dienestrol allergy
294790005	Polyestradiol phosphate allergy
294792002	Mestranol allergy
294793007	Ethinylestradiol allergy
294794001	Estriol allergy
294795000	Conjugated estrogen allergy
294796004	Stilbestrol allergy
294798003	Clomiphene allergy
294799006	Ergoline drug allergy
294800005	Cabergoline allergy
294801009	Quinagolide allergy
294803007	Liothyronine allergy
294804001	Thyroxine allergy
294807008	Desmopressin allergy
294809006	Terlipressin allergy
294810001	Vasopressin allergy
294811002	Corticotrophic hormone allergy
294813004	Tetracosactrin allergy
294814005	Gonad regulating hormone allergy
294815006	Gonadorelin allergy
294816007	Nafarelin allergy
294817003	Buserelin allergy
294818008	Goserelin allergy
294819000	Triptorelin allergy
294820006	Gonadotrophic hormone allergy
294821005	Leuprorelin allergy
294823008	Oxytocin allergy
294825001	Somatrophic hormone allergy
294826000	Octreotide allergy
294828004	Thyrotrophic hormone allergy
294829007	Protirelin allergy
294830002	Thyrotrophin allergy
294833000	Biphosphonates allergy
294838009	Calcium regulating hormone allergy
294839001	Calcitonin allergy
294840004	Salcatonin allergy
294841000	Calcitonin (pork) allergy
294843002	Erythropoietin allergy
294844008	Epoetin alfa allergy
294845009	Epoetin beta allergy
294847001	Gelatin allergy
294851004	Perfluorochemical allergy
294855008	Antithrombin III allergy
294865002	Factor VIII by-passing fraction products allergy
294871008	Ancrod allergy
294872001	Heparin allergy
294873006	Enoxaparin allergy
294874000	Dalteparin allergy
294875004	Tinzaparin allergy
294876003	Heparinoid allergy
294880008	Nicoumalone allergy
294881007	Warfarin allergy
294883005	Phenindione allergy
294885003	Ethamsylate allergy
294886002	Thromboplastin allergy
294887006	Tranexamic acid allergy
294888001	Collagen allergy
294889009	Aprotinin allergy
294893003	Polysaccharide iron complex allergy
294894009	Sodium ironedetate allergy
294896006	Iron sorbitol allergy
294897002	Ferrous salt allergy
294898007	Ferrous fumarate allergy
294899004	Ferrous gluconate allergy
294900009	Ferrous glycine sulfate allergy
294901008	Ferrous succinate allergy
294902001	Ferrous sulfate allergy
294903006	Ferrous phosphate allergy
294912008	L-Carnitine allergy
294913003	Iodine compounds allergy
294915005	Iodophore allergy
294916006	Povidone iodine allergy
294923007	Vitamin A allergy
294924001	Vitamin D and vitamin D derivative allergy
294925000	Vitamin K and vitamin K derivative allergy
294926004	Alpha-tocopheryl allergy
294929006	Nicotinic acid allergy
294930001	Folic acid allergy
294931002	Folinic acid allergy
294933004	Hydroxocobalamin allergy
294934005	Cyanocobalamin allergy
294937003	Inositol allergy
294940003	Ascorbic acid allergy
294945008	Sodium polystyrene sulfonate allergy
294951003	Fluoride allergy
294956008	Gemfibrozil allergy
294957004	Probucol allergy
294958009	Acipimox allergy
294961005	Colestipol allergy
294962003	Cholestyramine allergy
294964002	Bezafibrate allergy
294965001	Clofibrate allergy
294966000	Fenofibrate allergy
294967009	Ciprofibrate allergy
294968004	Fish oils allergy
294969007	Omega 3-marine triglycerides allergy
294970008	HMG COA reductase inhibitor allergy
294971007	Simvastatin allergy
294972000	Fluvastatin allergy
294973005	Pravastatin allergy
294975003	Adenosine allergy
294977006	Disopyramide allergy
294978001	Quinidine allergy
294979009	Flecainide allergy
294980007	Mexiletine allergy
294981006	Moracizine allergy
294982004	Procainamide allergy
294983009	Propafenone allergy
294984003	Tocainide allergy
294986001	Bretylium allergy
294988000	Amiodarone allergy
294992007	Bendrofluazide allergy
294993002	Chlorothiazide allergy
294994008	Cyclopenthiazide allergy
294995009	Hydrochlorothiazide allergy
294996005	Hydroflumethiazide allergy
294997001	Methyclothiazide allergy
294998006	Polythiazide allergy
295000003	Frusemide allergy
295001004	Bumetanide allergy
295002006	Ethacrynic acid allergy
295003001	Piretanide allergy
295004007	Torasemide allergy
267425008	Lactose intolerance
29736007	Syndrome of carbohydrate intolerance
29512005	Lactase deficiency in diseases other than of the small intestine
52070001	Acquired monosaccharide malabsorption
237978005	Glycerol intolerance syndrome
340519003	Lysine intolerance
190753003	Sucrose intolerance
413427002	Acquired fructose intolerance (disorder)
716186003	No known allergy (situation)
409137002	No known history of drug allergy
428197003	No known insect allergy (situation)
428607008	No known environmental allergy (situation)
429625007	No known food allergy (situation)
716184000	No known latex allergy (situation)
716220001	No known animal allergy (situation)